{"successful_requests": 100, "slowest": 0.3519112079993647, "fastest": 0.11861356999725103, "total_time": 1.9341833979997318, "requests_per_minute": 3102, "requests_per_second": 52}